epoch,loss
0,1.6116968393325806
1,1.261660099029541
2,1.187699317932129
3,1.149453043937683
