epoch,loss,val_loss
0,0.08534473180770874,0.05907796695828438
1,0.05348123237490654,0.04778723791241646
2,0.047218143939971924,0.04406571760773659
3,0.04453987255692482,0.04227340966463089
4,0.04290194436907768,0.04102021083235741
5,0.04191344976425171,0.04014267399907112
6,0.041077375411987305,0.039409659802913666
